fecha,valor
2020-01-02,839.58
2020-01-03,842.45
2020-01-06,847.38
2020-01-07,863.91
2020-01-08,861.61
2020-01-09,852.6
2020-01-10,849.66
2020-01-13,857.32
2020-01-14,866.28
2020-01-15,859.63
2020-01-16,861.62
2020-01-17,861.11
2020-01-20,855.47
2020-01-21,853.58
2020-01-22,854.59
2020-01-23,855.91
2020-01-24,852.88
2020-01-27,856.05
2020-01-28,867.78
2020-01-29,867.7
2020-01-30,867.08
2020-01-31,880.26
2020-02-03,885.44
2020-02-04,874.91
2020-02-05,863.27
2020-02-06,854.96
2020-02-07,855.42
2020-02-10,863.59
2020-02-11,868.67
2020-02-12,865.44
2020-02-13,857.53
2020-02-14,862.11
2020-02-17,859.05
2020-02-18,858.2
2020-02-19,861.14
2020-02-20,860.57
2020-02-21,869.05
2020-02-24,879.38
2020-02-25,880.08
2020-02-26,878.69
2020-02-27,882.78
2020-02-28,895.41
2020-03-01,900.24
2020-03-02,900.24
2020-03-03,913.35
2020-03-04,903.81
2020-03-05,903.54
2020-03-06,921.62
2020-03-09,937.09
2020-03-10,964.19
2020-03-11,943.69
2020-03-12,942.55
2020-03-13,953.19
2020-03-16,928.28
2020-03-17,949.55
2020-03-18,938.42
2020-03-19,934.36
2020-03-20,928.86
2020-03-23,909.0
2020-03-24,927.68
2020-03-25,912.56
2020-03-26,916.75
2020-03-27,922.69
2020-03-30,925.05
2020-03-31,932.56
2020-04-01,934.55
2020-04-02,942.3
2020-04-03,934.2
2020-04-06,932.53
2020-04-07,922.05
2020-04-08,918.07
2020-04-09,925.98
2020-04-13,918.68
2020-04-14,922.12
2020-04-15,931.74
2020-04-16,939.44
2020-04-17,924.44
2020-04-20,923.42
2020-04-21,929.88
2020-04-22,935.7
2020-04-23,926.36
2020-04-24,925.81
2020-04-27,928.27
2020-04-28,927.83
2020-04-29,921.55
2020-04-30,909.96
2020-05-04,917.56
2020-05-05,914.36
2020-05-06,904.18
2020-05-07,906.72
2020-05-08,905.25
2020-05-11,897.57
2020-05-12,892.54
2020-05-13,892.18
2020-05-14,887.47
2020-05-15,887.35
2020-05-18,890.76
2020-05-19,895.42
2020-05-20,897.13
2020-05-22,885.71
2020-05-25,878.2
2020-05-26,875.72
2020-05-27,881.23
2020-05-28,896.92
2020-05-29,900.84
2020-06-01,894.62
2020-06-02,885.94
2020-06-03,874.22
2020-06-04,864.0
2020-06-05,880.74
2020-06-08,863.88
2020-06-09,869.52
2020-06-10,875.73
2020-06-11,876.03
2020-06-12,888.42
2020-06-15,887.86
2020-06-16,902.76
2020-06-17,877.76
2020-06-18,897.02
2020-06-19,909.81
2020-06-22,913.73
2020-06-23,918.63
2020-06-24,925.23
2020-06-25,923.88
2020-06-26,912.43
2020-06-30,916.33
2020-07-01,922.73
2020-07-02,918.83
2020-07-03,903.15
2020-07-06,901.12
2020-07-07,903.61
2020-07-08,896.53
2020-07-09,891.16
2020-07-10,882.92
2020-07-13,893.68
2020-07-14,895.3
2020-07-15,898.16
2020-07-17,898.25
2020-07-20,900.55
2020-07-21,898.95
2020-07-22,896.75
2020-07-23,889.6
2020-07-24,890.19
2020-07-27,895.11
2020-07-28,904.06
2020-07-29,900.04
2020-07-30,894.84
2020-07-31,892.52
2020-08-03,892.23
2020-08-04,894.75
2020-08-05,904.57
2020-08-06,919.12
2020-08-07,922.36
2020-08-10,924.2
2020-08-11,935.83
2020-08-12,932.89
2020-08-13,934.78
2020-08-14,936.07
2020-08-17,943.32
2020-08-18,953.02
2020-08-19,949.93
2020-08-20,929.54
2020-08-21,931.75
2020-08-24,932.09
2020-08-25,927.42
2020-08-26,927.78
2020-08-27,930.26
2020-08-28,927.36
2020-08-31,927.48
2020-09-01,926.9
2020-09-02,918.24
2020-09-03,912.63
2020-09-04,917.04
2020-09-07,916.56
2020-09-08,913.78
2020-09-09,916.18
2020-09-10,906.15
2020-09-11,907.25
2020-09-14,909.06
2020-09-15,909.64
2020-09-16,900.38
2020-09-17,900.7
2020-09-21,903.8
2020-09-22,908.46
2020-09-23,906.04
2020-09-24,912.58
2020-09-25,920.05
2020-09-28,914.87
2020-09-29,914.4
2020-09-30,920.73
2020-10-01,923.11
2020-10-02,922.06
2020-10-05,926.77
2020-10-06,935.84
2020-10-07,939.05
2020-10-08,935.9
2020-10-09,937.06
2020-10-13,940.85
2020-10-14,936.0
2020-10-15,938.38
2020-10-16,938.35
2020-10-19,932.47
2020-10-20,928.69
2020-10-21,930.96
2020-10-22,930.76
2020-10-23,923.98
2020-10-26,922.02
2020-10-27,921.26
2020-10-28,913.13
2020-10-29,911.03
2020-10-30,897.65
2020-11-02,898.84
2020-11-03,894.38
2020-11-04,889.25
2020-11-05,887.54
2020-11-06,887.01
2020-11-09,902.15
2020-11-10,890.85
2020-11-11,898.88
2020-11-12,891.61
2020-11-13,894.25
2020-11-16,906.8
2020-11-17,909.25
2020-11-18,909.69
2020-11-19,899.61
2020-11-20,898.84
2020-11-23,902.52
2020-11-24,906.25
2020-11-25,917.31
2020-11-26,919.43
2020-11-27,912.34
2020-11-30,916.33
2020-12-01,916.39
2020-12-02,915.41
2020-12-03,913.68
2020-12-04,913.43
2020-12-07,908.18
2020-12-09,903.69
2020-12-10,891.87
2020-12-11,894.86
2020-12-14,888.72
2020-12-15,889.35
2020-12-16,892.03
2020-12-17,894.71
2020-12-18,887.11
2020-12-21,885.88
2020-12-22,893.82
2020-12-23,887.46
2020-12-24,873.16
2020-12-28,865.64
2020-12-29,868.01
2020-12-30,870.66
2021-01-04,873.3
2021-01-05,861.65
2021-01-06,863.72
2021-01-07,856.2
2021-01-08,870.41
2021-01-11,872.19
2021-01-12,874.77
2021-01-13,882.82
2021-01-14,899.03
2021-01-15,893.72
2021-01-18,888.72
2021-01-19,888.59
2021-01-20,889.37
2021-01-21,884.45
2021-01-22,868.93
2021-01-25,881.31
2021-01-26,888.58
2021-01-27,888.54
2021-01-28,891.89
2021-01-29,898.78
2021-02-01,891.42
2021-02-02,883.01
2021-02-03,883.03
2021-02-04,878.46
2021-02-05,882.07
2021-02-08,886.68
2021-02-09,885.63
2021-02-10,887.35
2021-02-11,884.48
2021-02-12,876.1
2021-02-15,878.37
2021-02-16,871.69
2021-02-17,868.71
2021-02-18,866.79
2021-02-19,860.28
2021-02-22,857.63
2021-02-23,863.32
2021-02-24,858.55
2021-02-25,854.67
2021-02-26,865.89
2021-03-01,869.67
2021-03-02,869.23
2021-03-03,877.71
2021-03-04,882.47
2021-03-05,875.54
2021-03-08,873.17
2021-03-09,875.47
2021-03-10,871.67
2021-03-11,867.73
2021-03-12,860.05
2021-03-15,858.68
2021-03-16,860.56
2021-03-17,861.48
2021-03-18,870.36
2021-03-19,864.46
2021-03-22,854.71
2021-03-23,855.78
2021-03-24,854.83
2021-03-25,855.53
2021-03-26,860.19
2021-03-29,860.26
2021-03-30,867.0
2021-03-31,857.77
2021-04-01,847.6
2021-04-05,844.66
2021-04-06,847.88
2021-04-07,852.22
2021-04-08,848.13
2021-04-09,843.87
2021-04-12,846.6
2021-04-13,844.76
2021-04-14,846.63
2021-04-15,847.01
2021-04-16,840.59
2021-04-19,840.08
2021-04-20,843.62
2021-04-21,838.47
2021-04-22,838.0
2021-04-23,846.53
2021-04-26,861.39
2021-04-27,854.75
2021-04-28,848.47
2021-04-29,847.33
2021-04-30,854.34
2021-05-03,855.15
2021-05-04,852.18
2021-05-05,847.76
2021-05-06,843.64
2021-05-07,845.51
2021-05-10,844.44
2021-05-11,842.63
2021-05-12,850.6
2021-05-13,854.3
2021-05-14,855.54
2021-05-17,853.67
2021-05-18,870.05
2021-05-19,872.62
2021-05-20,871.59
2021-05-24,875.27
2021-05-25,887.89
2021-05-26,900.21
2021-05-27,893.14
2021-05-28,891.2
2021-05-31,884.16
2021-06-01,882.99
2021-06-02,882.49
2021-06-03,879.66
2021-06-04,872.75
2021-06-07,872.2
2021-06-08,873.35
2021-06-09,874.32
2021-06-10,875.74
2021-06-11,877.49
2021-06-14,871.48
2021-06-15,871.51
2021-06-16,879.24
2021-06-17,874.6
2021-06-18,876.76
2021-06-22,885.77
2021-06-23,895.05
2021-06-24,877.03
2021-06-25,872.23
2021-06-29,873.39
2021-06-30,875.23
2021-07-01,862.27
2021-07-02,873.85
2021-07-05,872.47
2021-07-06,871.9
2021-07-07,878.86
2021-07-08,887.29
2021-07-09,892.02
2021-07-12,889.09
2021-07-13,882.26
2021-07-14,879.96
2021-07-15,884.91
2021-07-19,890.19
2021-07-20,896.41
2021-07-21,894.34
2021-07-22,890.98
2021-07-23,883.83
2021-07-26,892.7
2021-07-27,902.26
2021-07-28,900.2
2021-07-29,906.11
2021-07-30,901.83
2021-08-02,901.24
2021-08-03,904.05
2021-08-04,918.79
2021-08-05,918.02
2021-08-06,919.38
2021-08-09,922.62
2021-08-10,924.94
2021-08-11,914.51
2021-08-12,907.71
2021-08-13,906.7
2021-08-16,913.35
2021-08-17,923.54
2021-08-18,924.83
2021-08-19,923.46
2021-08-20,922.44
2021-08-23,919.69
2021-08-24,920.01
2021-08-25,919.23
2021-08-26,921.75
2021-08-27,922.62
2021-08-30,925.21
2021-08-31,920.21
2021-09-01,915.48
2021-09-02,908.67
2021-09-03,912.11
2021-09-06,911.45
2021-09-07,914.23
2021-09-08,921.4
2021-09-09,931.19
2021-09-10,936.2
2021-09-13,933.15
2021-09-14,925.82
2021-09-15,925.94
2021-09-16,923.19
2021-09-20,917.69
2021-09-21,924.18
2021-09-22,920.51
2021-09-23,920.64
2021-09-24,924.64
2021-09-27,924.51
2021-09-28,930.93
2021-09-29,932.98
2021-09-30,932.24
2021-10-01,939.48
2021-10-04,932.38
2021-10-05,936.32
2021-10-06,940.62
2021-10-07,942.59
2021-10-08,940.82
2021-10-12,948.29
2021-10-13,953.74
2021-10-14,950.39
2021-10-15,946.59
2021-10-18,958.12
2021-10-19,952.72
2021-10-20,946.83
2021-10-21,945.64
2021-10-22,951.48
2021-10-25,949.4
2021-10-26,940.73
2021-10-27,935.02
2021-10-28,933.84
2021-10-29,940.97
2021-11-02,937.03
2021-11-03,943.05
2021-11-04,944.33
2021-11-05,941.78
2021-11-08,939.19
2021-11-09,934.87
2021-11-10,924.53
2021-11-11,911.27
2021-11-12,906.73
2021-11-15,913.02
2021-11-16,913.39
2021-11-17,912.66
2021-11-18,927.52
2021-11-19,949.13
2021-11-22,942.31
2021-11-23,909.56
2021-11-24,912.2
2021-11-25,908.45
2021-11-26,918.41
2021-11-29,937.57
2021-11-30,942.69
2021-12-01,946.38
2021-12-02,937.69
2021-12-03,946.47
2021-12-06,947.29
2021-12-07,950.06
2021-12-09,944.14
2021-12-10,949.89
2021-12-13,961.02
2021-12-14,953.46
2021-12-15,954.15
2021-12-16,955.76
2021-12-17,961.25
2021-12-20,954.18
2021-12-21,973.73
2021-12-22,978.99
2021-12-23,981.25
2021-12-24,971.26
2021-12-27,976.24
2021-12-28,972.36
2021-12-29,968.81
2021-12-30,964.44
2022-01-03,955.64
2022-01-04,960.44
2022-01-05,961.88
2022-01-06,954.45
2022-01-07,948.53
2022-01-10,944.34
2022-01-11,942.08
2022-01-12,945.6
2022-01-13,945.34
2022-01-14,942.08
2022-01-17,930.07
2022-01-18,938.03
2022-01-19,929.54
2022-01-20,923.02
2022-01-21,912.46
2022-01-24,906.88
2022-01-25,906.05
2022-01-26,909.57
2022-01-27,901.65
2022-01-28,890.81
2022-01-31,903.85
2022-02-01,901.51
2022-02-02,901.19
2022-02-03,911.3
2022-02-04,934.47
2022-02-07,946.01
2022-02-08,944.42
2022-02-09,941.66
2022-02-10,938.69
2022-02-11,922.46
2022-02-14,919.0
2022-02-15,918.41
2022-02-16,912.59
2022-02-17,909.72
2022-02-18,908.04
2022-02-21,898.49
2022-02-22,907.43
2022-02-23,902.27
2022-02-24,890.63
2022-02-25,902.07
2022-02-28,905.69
2022-03-01,894.23
2022-03-02,892.13
2022-03-03,894.53
2022-03-04,884.56
2022-03-07,881.17
2022-03-08,879.39
2022-03-09,887.76
2022-03-10,889.79
2022-03-11,886.92
2022-03-14,876.07
2022-03-15,886.71
2022-03-16,891.91
2022-03-17,883.41
2022-03-18,888.09
2022-03-21,886.93
2022-03-22,880.86
2022-03-23,874.55
2022-03-24,874.16
2022-03-25,868.18
2022-03-28,863.52
2022-03-29,856.19
2022-03-30,860.96
2022-03-31,878.04
2022-04-01,873.69
2022-04-04,864.54
2022-04-05,854.53
2022-04-06,854.46
2022-04-07,865.08
2022-04-08,879.28
2022-04-11,885.47
2022-04-12,891.35
2022-04-13,873.37
2022-04-14,875.81
2022-04-18,882.12
2022-04-19,881.81
2022-04-20,882.52
2022-04-21,885.73
2022-04-22,886.37
2022-04-25,900.45
2022-04-26,911.85
2022-04-27,901.77
2022-04-28,894.96
2022-04-29,900.05
2022-05-02,899.06
2022-05-03,903.46
2022-05-04,901.26
2022-05-05,905.42
2022-05-06,907.0
2022-05-09,904.81
2022-05-10,916.05
2022-05-11,913.94
2022-05-12,907.4
2022-05-13,899.78
2022-05-16,895.52
2022-05-17,895.03
2022-05-18,895.56
2022-05-19,890.97
2022-05-20,892.73
2022-05-23,878.19
2022-05-24,886.31
2022-05-25,894.74
2022-05-26,891.98
2022-05-27,889.47
2022-05-30,881.67
2022-05-31,890.85
2022-06-01,885.54
2022-06-02,879.08
2022-06-03,876.29
2022-06-06,871.88
2022-06-07,874.48
2022-06-08,887.95
2022-06-09,880.29
2022-06-10,879.05
2022-06-13,882.1
2022-06-14,900.24
2022-06-15,903.47
2022-06-16,896.68
2022-06-17,918.97
2022-06-20,918.84
2022-06-22,925.33
2022-06-23,937.65
2022-06-24,945.21
2022-06-28,961.69
2022-06-29,953.07
2022-06-30,960.9
2022-07-01,976.72
2022-07-04,974.29
2022-07-05,966.88
2022-07-06,973.63
2022-07-07,990.49
2022-07-08,975.6
2022-07-11,983.06
2022-07-12,996.43
2022-07-13,1014.08
2022-07-14,1017.28
2022-07-15,1045.79
2022-07-18,995.49
2022-07-19,955.42
2022-07-20,951.04
2022-07-21,935.46
2022-07-22,945.94
2022-07-25,951.67
2022-07-26,962.0
2022-07-27,933.33
2022-07-28,930.92
2022-07-29,926.24
2022-08-01,924.04
2022-08-02,915.62
2022-08-03,913.76
2022-08-04,922.21
2022-08-05,926.33
2022-08-08,931.06
2022-08-09,923.48
2022-08-10,919.26
2022-08-11,916.6
2022-08-12,909.99
2022-08-16,905.73
2022-08-17,897.91
2022-08-18,913.2
2022-08-19,926.17
2022-08-22,949.53
2022-08-23,939.18
2022-08-24,923.34
2022-08-25,912.13
2022-08-26,907.31
2022-08-29,897.17
2022-08-30,890.63
2022-08-31,884.76
2022-09-01,902.46
2022-09-02,894.31
2022-09-05,882.34
2022-09-06,860.34
2022-09-07,879.89
2022-09-08,885.45
2022-09-09,880.78
2022-09-12,888.97
2022-09-13,910.71
2022-09-14,910.27
2022-09-15,916.65
2022-09-20,923.34
2022-09-21,924.92
2022-09-22,926.5
2022-09-23,928.58
2022-09-26,936.8
2022-09-27,948.29
2022-09-28,941.59
2022-09-29,945.42
2022-09-30,945.21
2022-10-03,939.85
2022-10-04,936.14
2022-10-05,928.06
2022-10-06,930.67
2022-10-07,925.96
2022-10-11,922.82
2022-10-12,910.75
2022-10-13,904.12
2022-10-14,925.59
2022-10-17,924.47
2022-10-18,952.3
2022-10-19,957.57
2022-10-20,955.7
2022-10-21,951.25
2022-10-24,962.7
2022-10-25,971.38
2022-10-26,967.06
2022-10-27,959.62
2022-10-28,943.61
2022-11-02,931.04
2022-11-03,925.94
2022-11-04,924.97
2022-11-07,924.7
2022-11-08,921.79
2022-11-09,914.94
2022-11-10,907.41
2022-11-11,906.87
2022-11-14,916.89
2022-11-15,929.68
2022-11-16,922.63
2022-11-17,930.77
2022-11-18,952.48
2022-11-21,960.81
2022-11-22,968.86
2022-11-23,961.24
2022-11-24,958.27
2022-11-25,948.77
2022-11-28,952.78
2022-11-29,950.88
2022-11-30,936.12
2022-12-01,924.02
2022-12-02,930.24
2022-12-05,928.58
2022-12-06,931.34
2022-12-07,927.89
2022-12-09,924.04
2022-12-12,907.71
2022-12-13,905.49
2022-12-14,911.48
2022-12-15,919.78
2022-12-16,929.17
2022-12-19,940.54
2022-12-20,943.56
2022-12-21,944.93
2022-12-22,931.95
2022-12-23,917.57
2022-12-26,930.86
2022-12-27,934.31
2022-12-28,932.81
2022-12-29,910.57
2022-12-30,916.91
2023-01-03,915.95
2023-01-04,898.88
2023-01-05,907.17
2023-01-06,901.28
2023-01-09,898.97
2023-01-10,899.43
2023-01-11,895.52
2023-01-12,886.77
2023-01-13,890.73
2023-01-16,892.23
2023-01-17,888.78
2023-01-18,884.96
2023-01-19,876.81
2023-01-20,896.52
2023-01-23,890.19
2023-01-24,884.04
2023-01-25,876.44
2023-01-26,875.66
2023-01-27,871.52
2023-01-30,872.41
2023-01-31,880.07
2023-02-01,873.08
2023-02-02,864.13
2023-02-03,853.62
2023-02-06,854.23
2023-02-07,862.49
2023-02-08,855.22
2023-02-09,851.52
2023-02-10,856.66
2023-02-13,854.53
2023-02-14,850.98
2023-02-15,846.46
2023-02-16,845.37
2023-02-17,848.76
2023-02-20,846.87
2023-02-21,846.1
2023-02-22,850.03
2023-02-23,849.63
2023-02-24,849.57
2023-02-27,863.85
2023-02-28,880.64
2023-03-01,879.86
2023-03-02,869.68
2023-03-03,862.52
2023-03-06,859.08
2023-03-07,858.0
2023-03-08,844.46
2023-03-09,846.65
2023-03-10,847.04
2023-03-13,850.06
2023-03-14,862.85
2023-03-15,859.04
2023-03-16,862.99
2023-03-17,874.87
2023-03-20,886.31
2023-03-21,885.98
2023-03-22,884.34
2023-03-23,883.81
2023-03-24,875.35
2023-03-27,873.4
2023-03-28,870.38
2023-03-29,866.95
2023-03-30,858.45
2023-03-31,859.92
2023-04-03,858.02
2023-04-04,873.23
2023-04-05,887.5
2023-04-06,883.27
2023-04-10,890.41
2023-04-11,891.76
2023-04-12,885.32
2023-04-13,882.88
2023-04-14,879.35
2023-04-17,876.42
2023-04-18,875.22
2023-04-19,872.44
2023-04-20,873.16
2023-04-21,868.12
2023-04-24,874.1
2023-04-25,899.98
2023-04-26,892.83
2023-04-27,888.65
2023-04-28,883.61
2023-05-02,885.28
2023-05-03,889.62
2023-05-04,891.53
2023-05-05,881.85
2023-05-08,876.44
2023-05-09,873.44
2023-05-10,869.12
2023-05-11,864.96
2023-05-12,869.22
2023-05-15,854.04
2023-05-16,851.84
2023-05-17,863.33
2023-05-18,864.22
2023-05-19,857.06
2023-05-22,861.81
2023-05-23,865.69
2023-05-24,864.0
2023-05-25,870.49
2023-05-26,867.82
2023-05-29,862.69
2023-05-30,859.19
2023-05-31,861.67
2023-06-01,866.18
2023-06-02,866.09
2023-06-05,854.63
2023-06-06,854.66
2023-06-07,852.98
2023-06-08,849.09
2023-06-09,852.38
2023-06-12,846.09
2023-06-13,867.66
2023-06-14,867.63
2023-06-15,866.02
2023-06-16,872.34
2023-06-19,868.0
2023-06-20,868.69
2023-06-22,875.25
2023-06-23,882.02
2023-06-27,880.31
2023-06-28,877.17
2023-06-29,874.62
2023-06-30,872.48
2023-07-03,874.79
2023-07-04,872.02
2023-07-05,867.52
2023-07-06,866.21
2023-07-07,875.3
2023-07-10,884.54
2023-07-11,892.78
2023-07-12,898.55
2023-07-13,903.18
2023-07-14,907.02
2023-07-17,913.77
2023-07-18,922.62
2023-07-19,915.35
2023-07-20,908.66
2023-07-21,898.65
2023-07-24,914.5
2023-07-25,915.74
2023-07-26,915.2
2023-07-27,914.81
2023-07-28,907.5
2023-07-31,912.42
2023-08-01,924.95
2023-08-02,924.77
2023-08-03,927.84
2023-08-04,934.85
2023-08-07,934.78
2023-08-08,942.32
2023-08-09,945.79
2023-08-10,942.57
2023-08-11,935.73
2023-08-14,934.2
2023-08-16,937.4
2023-08-17,936.17
2023-08-18,939.1
2023-08-21,944.04
2023-08-22,947.69
2023-08-23,940.93
2023-08-24,934.92
2023-08-25,924.28
2023-08-28,911.04
2023-08-29,917.49
2023-08-30,931.96
2023-08-31,932.76
2023-09-01,926.4
2023-09-04,916.86
2023-09-05,922.92
2023-09-06,932.82
2023-09-07,936.31
2023-09-08,941.74
2023-09-11,955.76
2023-09-12,957.35
2023-09-13,962.53
2023-09-14,954.38
2023-09-15,942.58
2023-09-20,947.49
2023-09-21,946.38
2023-09-22,950.87
2023-09-25,947.48
2023-09-26,953.54
2023-09-27,955.93
2023-09-28,949.63
2023-09-29,957.29
2023-10-02,946.62
2023-10-03,947.16
2023-10-04,957.18
2023-10-05,959.51
2023-10-06,966.43
2023-10-10,973.14
2023-10-11,983.0
2023-10-12,980.09
2023-10-13,983.72
2023-10-16,989.64
2023-10-17,994.62
2023-10-18,999.9
2023-10-19,988.51
2023-10-20,996.57
2023-10-23,998.43
2023-10-24,1000.92
2023-10-25,983.85
2023-10-26,975.57
2023-10-30,978.82
2023-10-31,965.71
2023-11-02,950.88
2023-11-03,945.22
2023-11-06,946.21
2023-11-07,944.68
2023-11-08,946.37
2023-11-09,959.31
2023-11-10,966.59
2023-11-13,978.21
2023-11-14,986.04
2023-11-15,985.73
2023-11-16,965.91
2023-11-17,956.55
2023-11-20,962.73
2023-11-21,961.8
2023-11-22,954.34
2023-11-23,951.56
2023-11-24,950.24
2023-11-27,955.59
2023-11-28,953.46
2023-11-29,956.3
2023-11-30,952.44
2023-12-01,947.65
2023-12-04,938.61
2023-12-05,933.09
2023-12-06,943.5
2023-12-07,943.18
2023-12-11,937.68
2023-12-12,945.83
2023-12-13,950.07
2023-12-14,946.02
2023-12-15,953.21
2023-12-18,952.09
2023-12-19,956.29
2023-12-20,947.46
2023-12-21,951.76
2023-12-22,958.97
2023-12-26,973.24
2023-12-27,988.38
2023-12-28,984.6
2023-12-29,979.4
2024-01-02,970.05
2024-01-03,964.76
2024-01-04,964.65
2024-01-05,968.52
2024-01-08,977.74
2024-01-09,988.6
2024-01-10,1000.23
2024-01-11,1007.75
2024-01-12,997.56
2024-01-15,995.15
2024-01-16,998.6
2024-01-17,1002.24
2024-01-18,1006.81
2024-01-19,997.42
2024-01-22,991.54
2024-01-23,986.74
2024-01-24,984.26
2024-01-25,990.42
2024-01-26,987.29
2024-01-29,995.18
2024-01-30,1002.95
2024-01-31,1011.12
2024-02-01,1011.35
2024-02-02,1017.18
2024-02-05,1018.06
2024-02-06,1026.34
2024-02-07,1021.08
2024-02-08,1020.23
2024-02-09,1031.95
2024-02-12,1044.57
2024-02-13,1047.76
2024-02-14,1041.22
2024-02-15,1030.0
2024-02-16,1035.01
2024-02-19,1043.55
2024-02-20,1040.97
2024-02-21,1041.82
2024-02-22,1045.97
2024-02-23,1052.44
2024-02-26,1064.91
2024-02-27,1070.57
2024-02-28,1068.4
2024-02-29,1062.54
2024-03-01,1047.53
2024-03-04,1047.14
2024-03-05,1055.4
2024-03-06,1060.34
2024-03-07,1070.19
2024-03-08,1075.9
2024-03-11,1055.74
2024-03-12,1055.82
2024-03-13,1053.81
2024-03-14,1039.64
2024-03-15,1029.24
2024-03-18,1024.73
2024-03-19,1027.41
2024-03-20,1045.04
2024-03-21,1060.2
2024-03-22,1054.99
2024-03-25,1059.26
2024-03-26,1059.44
2024-03-27,1063.38
2024-03-28,1062.84
2024-04-01,1060.05
2024-04-02,1055.3
2024-04-03,1055.08
2024-04-04,1042.93
2024-04-05,1023.81
2024-04-08,1028.19
2024-04-09,1028.03
2024-04-10,1020.74
2024-04-11,1024.4
2024-04-12,1026.86
2024-04-15,1026.71
2024-04-16,1039.39
2024-04-17,1046.7
2024-04-18,1040.52
2024-04-19,1031.02
2024-04-22,1018.55
2024-04-23,1016.47
2024-04-24,1017.85
2024-04-25,1020.61
2024-04-26,1017.6
2024-04-29,1014.0
2024-04-30,1011.6
2024-05-02,1019.06
2024-05-03,1023.44
2024-05-06,1010.22
2024-05-07,1002.12
2024-05-08,1004.5
2024-05-09,1006.4
2024-05-10,1003.44
2024-05-13,993.11
2024-05-14,994.93
2024-05-15,992.07
2024-05-16,988.65
2024-05-17,979.82
2024-05-20,975.54
2024-05-22,963.38
2024-05-23,979.19
2024-05-24,982.33
2024-05-27,979.9
2024-05-28,977.5
2024-05-29,975.27
2024-05-30,981.16
2024-05-31,994.78
2024-06-03,994.33
2024-06-04,989.04
2024-06-05,985.28
2024-06-06,985.16
2024-06-07,991.45
2024-06-10,990.54
2024-06-11,993.37
2024-06-12,992.89
2024-06-13,990.22
2024-06-14,987.42
2024-06-17,993.12
2024-06-18,1007.6
2024-06-19,1003.66
2024-06-21,996.8
2024-06-24,1002.5
2024-06-25,1010.65
2024-06-26,1009.76
2024-06-27,1012.26
2024-06-28,1018.11
2024-07-01,1011.83
2024-07-02,1012.54
2024-07-03,1017.18
2024-07-04,1012.9
2024-07-05,1012.6
2024-07-08,1011.17
2024-07-09,1016.86
2024-07-10,1007.9
2024-07-11,994.33
2024-07-12,987.53
2024-07-15,992.52
2024-07-17,992.58
2024-07-18,1008.21
2024-07-19,1024.69
2024-07-22,1026.84
2024-07-23,1033.43
2024-07-24,1027.45
2024-07-25,1028.5
2024-07-26,1027.87
2024-07-29,1031.91
2024-07-30,1035.31
2024-07-31,1034.36
2024-08-01,1020.96
2024-08-02,1012.77
2024-08-05,1037.88
2024-08-06,1048.93
2024-08-07,1035.28
2024-08-08,1030.86
2024-08-09,1022.79
2024-08-12,1018.26
2024-08-13,1018.65
2024-08-14,1024.71
2024-08-16,1025.76
2024-08-19,1028.46
2024-08-20,1029.88
2024-08-21,1025.89
2024-08-22,1026.09
2024-08-23,1021.81
2024-08-26,1019.71
2024-08-27,1013.01
2024-08-28,1015.01
2024-08-29,1013.42
2024-08-30,1016.37
2024-09-02,1010.27
2024-09-03,1013.11
2024-09-04,1021.87
2024-09-05,1038.49
2024-09-06,1045.92
2024-09-09,1045.31
2024-09-10,1045.55
2024-09-11,1046.03
2024-09-12,1039.49
2024-09-13,1031.34
2024-09-16,1025.72
2024-09-17,1026.99
2024-09-23,1030.51
2024-09-24,1028.71
2024-09-25,1017.08
2024-09-26,1015.52
2024-09-27,1006.83
2024-09-30,1000.17
2024-10-01,1001.43
2024-10-02,996.38
2024-10-03,1003.35
2024-10-04,1014.55
2024-10-07,1012.87
2024-10-08,1016.98
2024-10-09,1024.27
2024-10-10,1022.58
2024-10-11,1016.44
2024-10-14,1013.43
2024-10-15,1011.96
2024-10-16,1020.24
2024-10-17,1022.6
2024-10-18,1022.96
2024-10-21,1028.55
2024-10-22,1032.44
2024-10-23,1025.17
2024-10-24,1021.22
2024-10-25,1022.82
2024-10-28,1025.65
2024-10-29,1023.02
2024-10-30,1027.43
2024-11-04,1044.09
2024-11-05,1041.3
2024-11-06,1043.26
2024-11-07,1039.94
2024-11-08,1026.99
2024-11-11,1030.26
2024-11-12,1044.28
2024-11-13,1042.78
2024-11-14,1037.42
2024-11-15,1030.03
2024-11-18,1028.29
2024-11-19,1034.04
2024-11-20,1029.96
2024-11-21,1024.2
2024-11-22,1017.91
2024-11-25,1022.36
2024-11-26,1023.78
2024-11-27,1020.9
2024-11-28,1031.74
2024-11-29,1031.25
2024-12-02,1031.72
2024-12-03,1026.96
2024-12-04,1023.19
2024-12-05,1026.52
2024-12-06,1026.46
2024-12-09,1025.56
2024-12-10,1025.18
2024-12-11,1022.1
2024-12-12,1024.15
2024-12-13,1024.76
2024-12-16,1031.96
2024-12-17,1040.5
2024-12-18,1040.83
2024-12-19,1035.34
2024-12-20,1032.92
2024-12-23,1034.2
2024-12-24,1032.96
2024-12-26,1027.61
2024-12-27,1031.81
2024-12-30,1033.57
2025-01-02,1035.28
2025-01-03,1025.9
2025-01-06,1042.25
2025-01-07,1049.71
2025-01-08,1042.66
2025-01-09,1038.03
2025-01-10,1033.69
2025-01-13,1033.7
2025-01-14,1034.59
2025-01-15,1033.29
2025-01-16,1030.69
2025-01-17,1041.4
2025-01-20,1040.88
2025-01-21,1040.43
2025-01-22,1044.88
2025-01-23,1036.47
2025-01-24,1031.93
2025-01-27,1033.49
2025-01-28,1033.82
2025-01-29,1034.59
2025-01-30,1032.66
2025-01-31,1029.27
2025-02-03,1025.66
2025-02-04,1015.03
2025-02-05,1013.98
2025-02-06,1009.97
2025-02-07,1004.04
2025-02-10,991.64
2025-02-11,990.73
2025-02-12,995.13
2025-02-13,996.28
2025-02-14,990.42
2025-02-17,986.7
2025-02-18,992.8
2025-02-19,992.82
2025-02-20,990.72
2025-02-21,990.61
2025-02-24,985.59
2025-02-25,992.0
2025-02-26,987.4
2025-02-27,989.45
2025-02-28,990.02
2025-03-03,992.53
2025-03-04,999.8
2025-03-05,999.86
2025-03-06,1010.14
2025-03-07,1000.89
2025-03-10,1006.34
2025-03-11,1008.92
2025-03-12,1024.76
2025-03-13,1017.0
2025-03-14,1021.07
2025-03-17,1014.54
2025-03-18,1007.88
2025-03-19,1004.78
2025-03-20,997.67
2025-03-21,1004.17
2025-03-24,1008.15
2025-03-25,999.69
2025-03-26,994.29
2025-03-27,991.15
2025-03-28,1005.99
2025-03-31,1023.7
2025-04-01,1030.68
2025-04-02,1021.57
2025-04-03,1030.97
2025-04-04,1043.88
2025-04-07,1067.4
2025-04-08,1082.95
2025-04-09,1088.48
2025-04-10,1094.7
2025-04-11,1110.33
2025-04-14,1105.94
2025-04-15,1096.19
2025-04-16,1090.11
2025-04-17,1102.65
2025-04-21,1100.43
2025-04-22,1107.18
2025-04-23,1086.13
2025-04-24,1061.95
2025-04-25,1066.54
2025-04-28,1065.57
2025-04-29,1069.76
2025-04-30,1075.93
2025-05-02,1084.51
2025-05-05,1063.34
2025-05-06,1062.83
2025-05-07,1067.69
2025-05-08,1072.66
2025-05-09,1056.48
2025-05-12,1050.73
2025-05-13,1042.42
2025-05-14,1051.3
2025-05-15,1049.99
2025-05-16,1050.79
2025-05-19,1052.91
2025-05-20,1051.87
2025-05-22,1062.36
2025-05-23,1065.33
2025-05-26,1068.86
2025-05-27,1067.93
2025-05-28,1063.17
2025-05-29,1061.42
2025-05-30,1066.65
2025-06-02,1069.93
2025-06-03,1074.01
2025-06-04,1070.89
2025-06-05,1070.24
2025-06-06,1064.73
2025-06-09,1064.41
2025-06-10,1070.84
2025-06-11,1072.39
2025-06-12,1075.78
2025-06-13,1076.8
2025-06-16,1082.64
2025-06-17,1082.79
2025-06-18,1078.4
2025-06-19,1084.45
2025-06-23,1087.54
2025-06-24,1099.59
2025-06-25,1090.19
2025-06-26,1090.99
2025-06-27,1091.06
2025-06-30,1094.3
2025-07-01,1099.05
2025-07-02,1091.43
2025-07-03,1092.97
2025-07-04,1090.33
2025-07-07,1097.9
2025-07-08,1100.9
2025-07-09,1108.31
2025-07-10,1110.85
2025-07-11,1111.22
2025-07-14,1117.29
2025-07-15,1128.48
2025-07-17,1120.24
2025-07-18,1120.0
2025-07-21,1117.56
2025-07-22,1118.37
2025-07-23,1119.8
2025-07-24,1116.78
2025-07-25,1119.27
2025-07-28,1124.6
2025-07-29,1123.96
2025-07-30,1120.07
2025-07-31,1121.51
2025-08-01,1116.22
2025-08-04,1116.02
2025-08-05,1115.81
2025-08-06,1118.08
2025-08-07,1138.55
2025-08-08,1130.36
2025-08-11,1125.59
2025-08-12,1126.07
2025-08-13,1122.85
2025-08-14,1114.14
2025-08-18,1119.33
2025-08-19,1126.94
2025-08-20,1122.26
2025-08-21,1125.17
2025-08-22,1124.74
2025-08-25,1130.84
2025-08-26,1119.59
2025-08-27,1123.28
2025-08-28,1126.72
2025-08-29,1130.63
2025-09-01,1128.98
2025-09-02,1133.5
2025-09-03,1133.37
2025-09-04,1130.7
2025-09-05,1131.04
2025-09-08,1130.28
2025-09-09,1135.46
2025-09-10,1132.22
2025-09-11,1126.92
2025-09-12,1121.05
2025-09-15,1120.14
2025-09-16,1119.12
2025-09-17,1125.9
2025-09-22,1127.48
2025-09-23,1125.72
2025-09-24,1125.39
2025-09-25,1118.83
2025-09-26,1115.23
2025-09-29,1121.65
2025-09-30,1127.03
2025-10-01,1131.16
2025-10-02,1124.89
2025-10-03,1126.58
2025-10-06,1130.61
2025-10-07,1128.0
2025-10-08,1122.46
2025-10-09,1104.15
2025-10-10,1096.84
2025-10-13,1107.29
2025-10-14,1108.4
2025-10-15,1118.49
2025-10-16,1115.92
2025-10-17,1117.5
2025-10-20,1120.98
2025-10-21,1110.19
2025-10-22,1104.54
2025-10-23,1104.03
2025-10-24,1097.32
2025-10-27,1097.06
2025-10-28,1091.81
2025-10-29,1098.24
2025-10-30,1095.72
2025-11-03,1091.35
2025-11-04,1084.68
2025-11-05,1085.48
2025-11-06,1085.52
2025-11-07,1085.67
2025-11-10,1095.57
2025-11-11,1086.81
2025-11-12,1086.38
2025-11-13,1080.88
2025-11-14,1078.45
2025-11-17,1082.94
2025-11-18,1066.46
2025-11-19,1075.53
2025-11-20,1074.11
2025-11-21,1071.14
2025-11-24,1078.54
2025-11-25,1081.96
2025-11-26,1084.66
2025-11-27,1078.79
2025-11-28,1077.26
2025-12-01,1076.5
2025-12-02,1078.64
2025-12-03,1073.64
2025-12-04,1072.51
2025-12-05,1070.23
2025-12-09,1070.66
2025-12-10,1077.78
2025-12-11,1076.91
2025-12-12,1077.94
2025-12-15,1071.57
2025-12-16,1071.46
2025-12-17,1075.62
2025-12-18,1077.96
2025-12-19,1072.42
2025-12-22,1066.21
2025-12-23,1068.08
2025-12-24,1067.15
2025-12-26,1066.01
2025-12-29,1064.42
2025-12-30,1070.72
2026-01-02,1066.58
2026-01-05,1057.78
2026-01-06,1060.38
2026-01-07,1048.91
2026-01-08,1046.44
2026-01-09,1044.84
2026-01-12,1041.57
2026-01-13,1033.62
2026-01-14,1029.42
2026-01-15,1028.36
2026-01-16,1026.9
2026-01-19,1028.78
2026-01-20,1034.65
2026-01-21,1043.69
2026-01-22,1027.87
2026-01-23,1024.21
2026-01-26,1026.42
2026-01-27,1025.04
2026-01-28,1032.04
2026-01-29,1023.93
2026-01-30,1026.24
2026-02-02,1027.19
2026-02-03,1025.17
2026-02-04,1015.87
2026-02-05,1012.26
2026-02-06,1021.56
2026-02-09,1015.79
2026-02-10,1016.96
2026-02-11,1018.63
2026-02-12,1018.05
2026-02-13,1013.9
2026-02-16,1025.53
2026-02-17,1022.41
2026-02-18,1027.87
2026-02-19,1019.35
2026-02-20,1019.69
2026-02-23,1020.99
2026-02-24,1023.23
2026-02-25,1019.87
2026-02-26,1012.85
2026-02-27,1014.48
2026-03-02,1029.91
2026-03-03,1034.53
2026-03-04,1050.68
2026-03-05,1041.22
2026-03-06,1051.14
2026-03-09,1069.2
2026-03-10,1061.34
2026-03-11,1041.35
2026-03-12,1036.64
2026-03-13,1048.68
2026-03-16,1045.62
2026-03-17,1045.19
2026-03-18,1045.28
2026-03-19,1050.2
2026-03-20,1063.57
2026-03-23,1067.95
2026-03-24,1061.54
2026-03-25,1059.54
2026-03-26,1057.8
2026-03-27,1064.63
2026-03-30,1070.45
2026-03-31,1067.58
2026-04-01,1071.09
2026-04-02,1062.96
2026-04-06,1064.37
2026-04-07,1055.97
2026-04-08,1068.18
2026-04-09,1043.94
2026-04-10,1046.3
2026-04-13,1044.25
2026-04-14,1056.61
2026-04-15,1045.96
2026-04-16,1045.53
2026-04-17,1043.96
2026-04-20,1032.91
2026-04-21,1038.44
2026-04-22,1041.88
2026-04-23,1042.0
2026-04-24,1043.24
2026-04-27,1048.58
2026-04-28,1048.15
2026-04-29,1049.58
2026-04-30,1052.6
2026-05-04,1059.54
2026-05-05,1064.09
2026-05-06,1059.15
2026-05-07,1048.91
2026-05-08,1042.89
2026-05-11,1049.34
2026-05-12,1053.17
2026-05-13,1056.23
2026-05-14,1040.96
2026-05-15,1040.4
2026-05-18,1053.67
2026-05-19,1049.58
2026-05-20,1053.53
2026-05-22,1046.26
2026-05-25,1044.77
2026-05-26,1039.99
2026-05-27,1040.19
2026-05-28,1040.21
2026-05-29,1040.06
2026-06-01,1038.89
2026-06-02,1038.75
2026-06-03,1032.5
2026-06-04,1037.1
2026-06-05,1039.72
2026-06-08,1048.84
2026-06-09,1060.12
2026-06-10,1058.43
2026-06-11,1057.95
2026-06-12,1050.53
2026-06-15,1040.98
2026-06-16,1032.39
2026-06-17,1029.17
2026-06-18,1020.16
2026-06-19,1028.3
2026-06-22,1033.63
2026-06-23,1035.06
2026-06-24,1041.73
2026-06-25,1046.35
2026-06-26,1043.08
2026-06-30,1050.38
2026-07-01,1053.47
2026-07-02,1055.13
2026-07-03,1053.85
2026-07-06,1054.38
2026-07-07,1059.54
2026-07-08,1059.48
2026-07-09,1069.14
2026-07-10,1062.19
2026-07-13,1055.87
2026-07-14,1057.66
2026-07-15,1056.29
2026-07-17,1060.81
2026-07-20,1068.07
2026-07-21,1065.07
2026-07-22,1063.55
2026-07-23,1068.33
2026-07-24,1076.37
2026-07-27,1075.65
2026-07-28,1070.98
2026-07-29,1066.12
2026-07-30,1069.47
2026-07-31,1066.4
2026-08-03,1070.35
2026-08-04,1064.56
